name,email,address
Raka, Raka@gmail.com, 0xHgfjf69fxxxxxxxxxxxxxxxxxxxxxxxxxxxxxx
Aminah, Aminah@gmail.com, 0xHgfjf69fxxxxxxxxxxxxxxxxxxxxxxxxxxxxxx
Ucup, Ucup@gmail.com, 0xHgfjf69fxxxxxxxxxxxxxxxxxxxxxxxxxxxxxx
Bangke, Bangke@gmail.com, 0xHgfjf69fxxxxxxxxxxxxxxxxxxxxxxxxxxxxxx
Alkohol, Alkohol@gmail.com, 0xHgfjf69fxxxxxxxxxxxxxxxxxxxxxxxxxxxxxx
Muak, Muak@gmail.com, 0xHgfjf69fxxxxxxxxxxxxxxxxxxxxxxxxxxxxxx
Bangsat, Bangsat@gmail.com, 0xHgfjf69fxxxxxxxxxxxxxxxxxxxxxxxxxxxxxx
Okelah, Okelah@gmail.com, 0xHgfjf69fxxxxxxxxxxxxxxxxxxxxxxxxxxxxxx
Garaplah, Garaplah@gmail.com, 0xHgfjf69fxxxxxxxxxxxxxxxxxxxxxxxxxxxxxx
nosekip, nosekip@gmail.com, 0xHgfjf69fxxxxxxxxxxxxxxxxxxxxxxxxxxxxxx
